[
  {
    "model": "products.currency",
    "pk": "006d6b0f-fe90-4a7d-83fa-0ba3024b3dd5",
    "fields": {
      "created_at": "2021-11-22T13:10:58.476Z",
      "updated_at": "2021-11-22T13:10:58.476Z",
      "name": "GBP",
      "exchange_rate": "0.74"
    }
  },
  {
    "model": "products.currency",
    "pk": "57683acd-58d6-4e35-8249-f9743c1ad7be",
    "fields": {
      "created_at": "2021-11-22T13:06:10.194Z",
      "updated_at": "2021-11-22T13:06:10.194Z",
      "name": "RUB",
      "exchange_rate": "74.91"
    }
  },
  {
    "model": "products.currency",
    "pk": "839b483d-240f-4500-9d32-c3ccbbb69b38",
    "fields": {
      "created_at": "2021-11-22T13:05:04.875Z",
      "updated_at": "2021-11-22T13:05:19.242Z",
      "name": "EUR",
      "exchange_rate": "0.89"
    }
  },
  {
    "model": "products.currency",
    "pk": "844aee43-40a8-456b-80f7-11ec564867e4",
    "fields": {
      "created_at": "2021-11-22T13:11:32.342Z",
      "updated_at": "2021-11-22T13:11:32.342Z",
      "name": "AED",
      "exchange_rate": "3.67"
    }
  },
  {
    "model": "products.currency",
    "pk": "990e22d0-78ce-4413-a5e3-003e91a18497",
    "fields": {
      "created_at": "2021-11-22T13:09:53.959Z",
      "updated_at": "2021-11-22T13:09:53.959Z",
      "name": "CAD",
      "exchange_rate": "1.26"
    }
  },
  {
    "model": "products.currency",
    "pk": "d1217f3f-685c-4ff6-98f7-fce06ac1eaf3",
    "fields": {
      "created_at": "2021-11-22T13:04:42.003Z",
      "updated_at": "2021-11-22T13:04:42.003Z",
      "name": "USD",
      "exchange_rate": "1.00"
    }
  },
  {
    "model": "products.currency",
    "pk": "d2f25bb8-667b-4446-9058-eb254907a0bc",
    "fields": {
      "created_at": "2021-11-22T13:08:38.180Z",
      "updated_at": "2021-11-22T13:08:38.180Z",
      "name": "IDR",
      "exchange_rate": "14257.95"
    }
  },
  {
    "model": "products.currency",
    "pk": "d7a649fb-d324-432e-936a-bc64624a2a77",
    "fields": {
      "created_at": "2021-11-22T13:05:45.917Z",
      "updated_at": "2021-11-22T13:05:45.917Z",
      "name": "UAH",
      "exchange_rate": "26.68"
    }
  },
  {
    "model": "products.currency",
    "pk": "dacaa5a1-bf92-4150-8837-80f9979b487f",
    "fields": {
      "created_at": "2021-11-22T13:09:18.299Z",
      "updated_at": "2021-11-22T13:09:18.299Z",
      "name": "PLN",
      "exchange_rate": "4.16"
    }
  },
  {
    "model": "products.characteristic",
    "pk": "0452012c-6c26-463b-98af-b76b69cf51e9",
    "fields": {
      "created_at": "2021-11-22T12:53:00.498Z",
      "updated_at": "2021-11-22T12:53:00.498Z",
      "name": "Built-in memory",
      "value": "128 GB"
    }
  },
  {
    "model": "products.characteristic",
    "pk": "4c94a175-6cb7-4cd5-a092-e7367018a349",
    "fields": {
      "created_at": "2021-11-22T12:54:57.255Z",
      "updated_at": "2021-11-22T12:54:57.255Z",
      "name": "Number of processor cores",
      "value": "8"
    }
  },
  {
    "model": "products.characteristic",
    "pk": "76c6b6dc-b23f-45b2-bda0-6a5d773d2ed1",
    "fields": {
      "created_at": "2021-11-22T13:03:35.140Z",
      "updated_at": "2021-11-22T13:03:35.140Z",
      "name": "Battery capacity",
      "value": "5000 mAh"
    }
  },
  {
    "model": "products.characteristic",
    "pk": "77cf20d5-53dc-470c-ab3f-629de52e1a86",
    "fields": {
      "created_at": "2021-11-22T12:59:00.145Z",
      "updated_at": "2021-11-22T12:59:00.145Z",
      "name": "CPU name",
      "value": "Qualсomm Snapdragon"
    }
  },
  {
    "model": "products.characteristic",
    "pk": "a787a1dd-cd1b-4891-b9ba-4ff7cfbd76b7",
    "fields": {
      "created_at": "2021-11-22T12:58:29.017Z",
      "updated_at": "2021-11-22T12:58:29.017Z",
      "name": "Kernel type",
      "value": "Kryo 670"
    }
  },
  {
    "model": "products.characteristic",
    "pk": "b0f64b37-2fa6-491b-b984-6430d9da8bdc",
    "fields": {
      "created_at": "2021-11-22T12:56:31.915Z",
      "updated_at": "2021-11-22T12:56:31.915Z",
      "name": "CPU frequency",
      "value": "2.4 GHz + 1.8 GHz"
    }
  },
  {
    "model": "products.characteristic",
    "pk": "cbd2fa50-a04b-421f-a102-742d13db8079",
    "fields": {
      "created_at": "2021-11-22T12:57:24.956Z",
      "updated_at": "2021-11-22T12:57:24.956Z",
      "name": "The number of megapixels of the main camera",
      "value": "64 MP + 12 MP + 5 MP"
    }
  },
  {
    "model": "products.characteristic",
    "pk": "cd3840b6-9c7b-48cb-86ec-a8a6f4f5444b",
    "fields": {
      "created_at": "2021-11-22T12:51:48.614Z",
      "updated_at": "2021-11-22T12:51:48.614Z",
      "name": "RAM",
      "value": "6 GB"
    }
  },
  {
    "model": "products.characteristic",
    "pk": "e998281c-dc39-43b1-a6f8-93e5ebb3289d",
    "fields": {
      "created_at": "2021-11-22T13:02:30.821Z",
      "updated_at": "2021-11-22T13:02:30.821Z",
      "name": "Number of main cameras",
      "value": "3"
    }
  },
  {
    "model": "products.characteristic",
    "pk": "ea816621-b831-4072-b3b6-994454a71baf",
    "fields": {
      "created_at": "2021-11-22T12:54:01.548Z",
      "updated_at": "2021-11-22T12:54:01.548Z",
      "name": "Operation System",
      "value": "Android"
    }
  },
  {
    "model": "products.image",
    "pk": "832ac7c4-8627-45bf-a315-342f8e100f03",
    "fields": {
      "created_at": "2021-11-22T13:35:00.015Z",
      "updated_at": "2021-11-22T13:35:00.015Z",
      "image_url": "https://ireland.apollo.olxcdn.com/v1/files/vg8v5iprus54-UA/image;s=1000x700",
      "image": ""
    }
  },
  {
    "model": "products.catalog",
    "pk": "1edef63f-b2cc-4bc0-8a28-cad475fb2bb4",
    "fields": {
      "created_at": "2021-11-22T12:22:43.850Z",
      "updated_at": "2021-11-22T12:22:43.850Z",
      "name": "Photo and videos",
      "parent": "427bc808-6894-4b02-81b4-0b5d2618087d",
      "image": null,
      "lft": 6,
      "rght": 11,
      "tree_id": 2,
      "level": 1
    }
  },
  {
    "model": "products.catalog",
    "pk": "367a2f33-17f5-479b-86b1-d85a71217ca6",
    "fields": {
      "created_at": "2021-11-22T12:12:24.671Z",
      "updated_at": "2021-11-22T12:12:24.671Z",
      "name": "Laptop and Computers",
      "parent": null,
      "image": null,
      "lft": 1,
      "rght": 6,
      "tree_id": 1,
      "level": 0
    }
  },
  {
    "model": "products.catalog",
    "pk": "3775b54f-ee42-4ff5-8e2e-0fe60efbfa8f",
    "fields": {
      "created_at": "2021-11-22T12:20:53.109Z",
      "updated_at": "2021-11-22T12:20:53.109Z",
      "name": "Phones accessories",
      "parent": "427bc808-6894-4b02-81b4-0b5d2618087d",
      "image": null,
      "lft": 4,
      "rght": 5,
      "tree_id": 2,
      "level": 1
    }
  },
  {
    "model": "products.catalog",
    "pk": "3ab6ab0d-8aaf-4e51-ada4-7caf3484f156",
    "fields": {
      "created_at": "2021-11-22T12:21:18.011Z",
      "updated_at": "2021-11-22T12:21:18.011Z",
      "name": "TV",
      "parent": "427bc808-6894-4b02-81b4-0b5d2618087d",
      "image": null,
      "lft": 12,
      "rght": 13,
      "tree_id": 2,
      "level": 1
    }
  },
  {
    "model": "products.catalog",
    "pk": "3af1b486-59d9-4362-a147-930a8ec409e3",
    "fields": {
      "created_at": "2021-11-22T12:24:35.625Z",
      "updated_at": "2021-11-22T12:24:35.625Z",
      "name": "Video Cameras",
      "parent": "1edef63f-b2cc-4bc0-8a28-cad475fb2bb4",
      "image": null,
      "lft": 9,
      "rght": 10,
      "tree_id": 2,
      "level": 2
    }
  },
  {
    "model": "products.catalog",
    "pk": "427bc808-6894-4b02-81b4-0b5d2618087d",
    "fields": {
      "created_at": "2021-11-22T12:16:07.660Z",
      "updated_at": "2021-11-22T12:16:07.660Z",
      "name": "Phones, TV and electronics",
      "parent": null,
      "image": null,
      "lft": 1,
      "rght": 14,
      "tree_id": 2,
      "level": 0
    }
  },
  {
    "model": "products.catalog",
    "pk": "82ed9978-c5a5-40e0-b95d-30596283db2a",
    "fields": {
      "created_at": "2021-11-22T12:23:49.360Z",
      "updated_at": "2021-11-22T12:23:49.360Z",
      "name": "Cameras",
      "parent": "1edef63f-b2cc-4bc0-8a28-cad475fb2bb4",
      "image": null,
      "lft": 7,
      "rght": 8,
      "tree_id": 2,
      "level": 2
    }
  },
  {
    "model": "products.catalog",
    "pk": "c813f16c-51c7-4a63-9315-4340a3cfe0be",
    "fields": {
      "created_at": "2021-11-22T12:12:38.016Z",
      "updated_at": "2021-11-22T12:12:38.016Z",
      "name": "Laptop",
      "parent": "367a2f33-17f5-479b-86b1-d85a71217ca6",
      "image": null,
      "lft": 4,
      "rght": 5,
      "tree_id": 1,
      "level": 1
    }
  },
  {
    "model": "products.catalog",
    "pk": "f1a7e72f-0be8-4af4-86c2-e40f39cd25af",
    "fields": {
      "created_at": "2021-11-22T12:16:35.363Z",
      "updated_at": "2021-11-22T12:16:35.363Z",
      "name": "Phones",
      "parent": "427bc808-6894-4b02-81b4-0b5d2618087d",
      "image": null,
      "lft": 2,
      "rght": 3,
      "tree_id": 2,
      "level": 1
    }
  },
  {
    "model": "products.catalog",
    "pk": "f7c2963b-3127-4581-a5b9-5fa5e8b7437c",
    "fields": {
      "created_at": "2021-11-22T12:12:45.521Z",
      "updated_at": "2021-11-22T12:12:45.521Z",
      "name": "Computers",
      "parent": "367a2f33-17f5-479b-86b1-d85a71217ca6",
      "image": null,
      "lft": 2,
      "rght": 3,
      "tree_id": 1,
      "level": 1
    }
  },
  {
    "model": "products.product",
    "pk": "11cc1515-5c07-490d-bea2-e59545466ffc",
    "fields": {
      "created_at": "2021-11-22T15:14:08.029Z",
      "updated_at": "2021-11-22T15:14:08.029Z",
      "name": "Samsung Galaxy S21",
      "code": "272627166",
      "description": "You will never miss the perfect moment for a photo again. Meet the Galaxy S21. Created to revolutionize the world of video and photography. With a cinematic resolution of 8K, you can create incredible photos right from the video. Galaxy S21 is a 64 MP camera, the fastest processor in the Galaxy and a powerful battery for the whole day. Everything for a new level of experience.",
      "price": "906.00",
      "old_price": "0.00",
      "quantity": 1,
      "category": "f1a7e72f-0be8-4af4-86c2-e40f39cd25af"
    }
  },
  {
    "model": "products.product",
    "pk": "2f0dbed6-f85c-4753-bdef-55647d157362",
    "fields": {
      "created_at": "2021-11-22T15:19:09.865Z",
      "updated_at": "2021-11-22T15:19:09.865Z",
      "name": "Canon EOS 800D 18-55mm IS STM Black",
      "code": "16855730",
      "description": "The EOS 800D simplifies the process of creating high-quality photos, allowing you to take amazing photos and videos at important moments in your life. You will enjoy the bright optical viewfinder of this SLR camera, in which the world looks as it is.",
      "price": "868.00",
      "old_price": "0.00",
      "quantity": 1,
      "category": "82ed9978-c5a5-40e0-b95d-30596283db2a"
    }
  },
  {
    "model": "products.product",
    "pk": "5c61ef8a-0565-4f42-aa21-b4f480372a06",
    "fields": {
      "created_at": "2021-11-22T15:17:15.733Z",
      "updated_at": "2021-11-22T15:17:15.733Z",
      "name": "Everest Home 4070",
      "code": "37242776",
      "description": "To buy the Everest Home 4070 computer - means to get inexpensive, and at the same time the reliable decision for the most various daily tasks. The computer of this series will help to master skills of work with computer equipment, various office and multimedia applications, to enjoy modern dynamic games with a high level of detail of graphics.",
      "price": "660.00",
      "old_price": "0.00",
      "quantity": 1,
      "category": "f7c2963b-3127-4581-a5b9-5fa5e8b7437c"
    }
  },
  {
    "model": "products.product",
    "pk": "7b58c8c5-a1bf-46bb-96bb-1d2691cb1bff",
    "fields": {
      "created_at": "2021-11-22T15:10:16.020Z",
      "updated_at": "2021-11-22T15:10:16.020Z",
      "name": "Asus Laptop 14 X409FA-BV593",
      "code": "310972393",
      "description": "ASUS Laptop 14 X409 combines the advantages of different types of drives: high capacity and increased data transfer speed. It is recommended that you install the operating system and applications on a fast solid state drive, and use the hard disk to store large amounts of data, such as movie and music collections, and photo albums. In addition, the laptop supports Intel Optane memory, which can be used as a cache buffer to speed up communication with the hard drive.",
      "price": "434.00",
      "old_price": "0.00",
      "quantity": 1,
      "category": "c813f16c-51c7-4a63-9315-4340a3cfe0be"
    }
  },
  {
    "model": "products.product",
    "pk": "90174df8-eea2-494e-9ce9-399e4931f7d7",
    "fields": {
      "created_at": "2021-11-22T15:22:28.579Z",
      "updated_at": "2021-11-22T15:22:28.579Z",
      "name": "GoPro HERO 10 Black",
      "code": "318002050",
      "description": "Matrix (light-sensitive element) 23.6 MP matrix with exceptional features: realistic image clarity, smooth motion transmission and impressive alignment of the horizon in the camera Media type Flash memory Zoom Touch zoom on the rear touch screen",
      "price": "577.00",
      "old_price": "0.00",
      "quantity": 1,
      "category": "3af1b486-59d9-4362-a147-930a8ec409e3"
    }
  },
  {
    "model": "products.product",
    "pk": "ebb49688-cea4-40db-80d0-b97100f40e4f",
    "fields": {
      "created_at": "2021-11-22T15:07:52.539Z",
      "updated_at": "2021-11-22T15:07:52.539Z",
      "name": "Apple MacBook Air 13",
      "code": "245161909",
      "description": "Attention! All laptops have Cyrillic letters on the keyboard and are accompanied by an official warranty from the manufacturer! Before installing the software, please check the compatibility with the device indicated on the package, documentation or on the web",
      "price": "1226.00",
      "old_price": "0.00",
      "quantity": 1,
      "category": "c813f16c-51c7-4a63-9315-4340a3cfe0be"
    }
  },
  {
    "model": "products.product",
    "pk": "eef85801-e523-44bb-aa7c-d964c63623b4",
    "fields": {
      "created_at": "2021-11-22T15:05:17.898Z",
      "updated_at": "2021-11-22T15:05:17.898Z",
      "name": "Acer Nitro 5 AN515-57-54K7",
      "code": "322576183",
      "description": "Attention! All laptops have Cyrillic letters on the keyboard and are accompanied by an official warranty from the manufacturer! Before installing the software, please check the compatibility with the device indicated on the package, documentation or on the web",
      "price": "1132.00",
      "old_price": "0.00",
      "quantity": 1,
      "category": "c813f16c-51c7-4a63-9315-4340a3cfe0be"
    }
  },
  {
    "model": "products.product",
    "pk": "f17f80f4-da17-415d-815b-eabab82b5f4d",
    "fields": {
      "created_at": "2021-11-22T14:54:21.024Z",
      "updated_at": "2021-11-22T14:54:21.024Z",
      "name": "Samsung Galaxy M52",
      "code": "320841586",
      "description": "Borderless screen for maximum immersion The boundless 6.7-inch sAMOLED Plus screen of the Galaxy M52 provides natural color reproduction of the image at any time: during games, while watching movies and surfing the Internet. Enjoy the effect of maximum immersion during all your favorite activities.",
      "price": "415.00",
      "old_price": "0.00",
      "quantity": 1,
      "category": "f1a7e72f-0be8-4af4-86c2-e40f39cd25af"
    }
  },
  {
    "model": "products.productimage",
    "pk": "a52b8907-e8eb-4be7-ad01-a493d367aaf2",
    "fields": {
      "created_at": "2021-11-22T15:28:24.099Z",
      "updated_at": "2021-11-22T15:28:24.099Z",
      "image": "832ac7c4-8627-45bf-a315-342f8e100f03",
      "product": "f17f80f4-da17-415d-815b-eabab82b5f4d"
    }
  },
  {
    "model": "products.productcharacteristic",
    "pk": "29d55ee5-59ee-4a40-97b0-4c493d41c399",
    "fields": {
      "created_at": "2021-11-22T15:27:12.193Z",
      "updated_at": "2021-11-22T15:27:12.193Z",
      "product": "f17f80f4-da17-415d-815b-eabab82b5f4d",
      "characteristic": "ea816621-b831-4072-b3b6-994454a71baf"
    }
  },
  {
    "model": "products.productcharacteristic",
    "pk": "433c55fc-4237-4018-bc9b-44bd13154744",
    "fields": {
      "created_at": "2021-11-22T15:26:31.107Z",
      "updated_at": "2021-11-22T15:26:31.107Z",
      "product": "f17f80f4-da17-415d-815b-eabab82b5f4d",
      "characteristic": "cd3840b6-9c7b-48cb-86ec-a8a6f4f5444b"
    }
  },
  {
    "model": "products.productcharacteristic",
    "pk": "478c22c8-6bb0-4e63-b2f8-d00f96554faf",
    "fields": {
      "created_at": "2021-11-22T15:27:44.090Z",
      "updated_at": "2021-11-22T15:27:44.090Z",
      "product": "f17f80f4-da17-415d-815b-eabab82b5f4d",
      "characteristic": "cbd2fa50-a04b-421f-a102-742d13db8079"
    }
  },
  {
    "model": "products.productcharacteristic",
    "pk": "7a8851e4-d5a2-427b-ae33-67cdc1292ba1",
    "fields": {
      "created_at": "2021-11-22T15:27:33.686Z",
      "updated_at": "2021-11-22T15:27:33.686Z",
      "product": "f17f80f4-da17-415d-815b-eabab82b5f4d",
      "characteristic": "b0f64b37-2fa6-491b-b984-6430d9da8bdc"
    }
  },
  {
    "model": "products.productcharacteristic",
    "pk": "a3017954-36cf-40a5-9518-5fd0d1b261dc",
    "fields": {
      "created_at": "2021-11-22T15:28:09.754Z",
      "updated_at": "2021-11-22T15:28:09.754Z",
      "product": "f17f80f4-da17-415d-815b-eabab82b5f4d",
      "characteristic": "e998281c-dc39-43b1-a6f8-93e5ebb3289d"
    }
  },
  {
    "model": "products.productcharacteristic",
    "pk": "b8821aa4-2b5d-47ef-a86b-b1899645774b",
    "fields": {
      "created_at": "2021-11-22T15:27:25.367Z",
      "updated_at": "2021-11-22T15:27:25.367Z",
      "product": "f17f80f4-da17-415d-815b-eabab82b5f4d",
      "characteristic": "4c94a175-6cb7-4cd5-a092-e7367018a349"
    }
  },
  {
    "model": "products.productcharacteristic",
    "pk": "c402b143-9b8a-4fd3-a99b-76de5cc7ba99",
    "fields": {
      "created_at": "2021-11-22T15:27:05.599Z",
      "updated_at": "2021-11-22T15:27:05.599Z",
      "product": "f17f80f4-da17-415d-815b-eabab82b5f4d",
      "characteristic": "0452012c-6c26-463b-98af-b76b69cf51e9"
    }
  },
  {
    "model": "products.productcharacteristic",
    "pk": "e24888c5-db1c-4a79-a3e5-ce4f10a82aa9",
    "fields": {
      "created_at": "2021-11-22T15:28:02.543Z",
      "updated_at": "2021-11-22T15:28:02.543Z",
      "product": "f17f80f4-da17-415d-815b-eabab82b5f4d",
      "characteristic": "77cf20d5-53dc-470c-ab3f-629de52e1a86"
    }
  },
  {
    "model": "products.productcharacteristic",
    "pk": "f2b8c6d9-ddb1-460d-aa45-d91220edd7b9",
    "fields": {
      "created_at": "2021-11-22T15:27:56.652Z",
      "updated_at": "2021-11-22T15:27:56.652Z",
      "product": "f17f80f4-da17-415d-815b-eabab82b5f4d",
      "characteristic": "a787a1dd-cd1b-4891-b9ba-4ff7cfbd76b7"
    }
  },
  {
    "model": "products.productcharacteristic",
    "pk": "fb6df9da-66f1-458b-9acf-c787fe2b1930",
    "fields": {
      "created_at": "2021-11-22T15:28:15.430Z",
      "updated_at": "2021-11-22T15:28:15.430Z",
      "product": "f17f80f4-da17-415d-815b-eabab82b5f4d",
      "characteristic": "76c6b6dc-b23f-45b2-bda0-6a5d773d2ed1"
    }
  }
]